branch,client,profile,remap
186,186.2003-12-02.jar,rs2-2004.toml,rs2-186.txt
194,194.2004-01-07.jar,rs2-2004.toml,rs2-194.txt
204,204.2004-03-17.jar,rs2-2004.toml,rs2-204.txt
217,217.2004-04-16.jar,rs2-2004.toml,rs2-204.txt
219,219.2004-04-26.jar,rs2-2004.toml,rs2-204.txt
222,222.2004-05-05.jar,rs2-2004.toml,rs2-204.txt
225,225.2004-05-18.jar,rs2-2004.toml,rs2-204.txt
234,234.2004-06-01.jar,rs2-2004.toml,rs2-234.txt
237,237.2004-06-02.jar,rs2-2004.toml,rs2-234.txt
245,245.2004-07-13.jar,rs2-2004.toml,rs2-245.txt
249,249.2004-08-09.jar,rs2-2004.toml,rs2-249.txt
252,252.2004-08-24.jar,rs2-2004.toml,rs2-249.txt
253,253.2004-09-01.jar,rs2-2004.toml,rs2-249.txt
254,254.2004-09-07.jar,rs2-2004.toml,rs2-249.txt
257,257.2004-09-27.jar,rs2-2004.toml,rs2-257.txt
270,270.2004-11-04.jar,rs2-2004.toml,rs2-270.txt
274,274.2004-11-23.jar,rs2-2004.toml,rs2-270.txt
282,282.2004-12-21.jar,rs2-2004.toml,rs2-270.txt
289,289.2005-01-17.jar,rs2-2004.toml,rs2-270.txt
294,294.2005-02-08.jar,rs2-2004.toml,rs2-270.txt
295,295.2005-02-14.jar,rs2-2004.toml,rs2-270.txt
297,297.2005-02-23.jar,rs2-2004.toml,rs2-270.txt
298,298.2005-02-28.jar,rs2-2004.toml,rs2-270.txt
299,299.2005-03-01.jar,rs2-2004.toml,rs2-270.txt
300,300.2005-03-07.jar,rs2-2004.toml,rs2-270.txt
303,303.2005-03-14.jar,rs2-2004.toml,rs2-270.txt
306,306.2005-04-04.jar,rs2-2005.toml
307,307.2005-04-14.jar,rs2-2005.toml
308,308.2005-04-18.jar,rs2-2005.toml
309,309.2005-04-26.jar,rs2-2005.toml
311,311.2005-05-05.jar,rs2-2005.toml
312,312.2005-05-09.jar,rs2-2005.toml
313,313.2005-05-25.jar,rs2-2005.toml
315,315.2005-06-05.jar,rs2-2005.toml
316,316.2005-06-11.jar,rs2-2005.toml
317,317.2005-06-13.jar,rs2-2005.toml,rs2-317.txt
318,318.2005-06-22.jar,rs2-2005.toml
321,321.2005-07-07.jar,rs2-2005.toml
327,327.2005-08-01.jar,rs2-2005.toml
328,328.2005-08-13.jar,rs2-2005.toml
329,329.2005-08-15.jar,rs2-2005.toml
330,330.2005-08-22.jar,rs2-2005.toml
332,332.2005-08-30.jar,rs2-2005.toml
333,333.2005-09-06.jar,rs2-2005.toml
336,336.2005-09-19.jar,rs2-2005.toml
339,339.2005-10-03.jar,rs2-2005.toml
340,340.2005-10-17.jar,rs2-2005.toml
345,345.2005-11-21.jar,rs2-2005.toml
346,346.2005-11-28.jar,rs2-2005.toml
347,347.2005-12-05.jar,rs2-2005.toml
349,349.2005-12-19.jar,rs2-2005.toml
350,350.2005-12-30.jar,rs2-2005.toml
355,355.2006-01-23.jar,rs2-2005.toml
356,356.2006-01-30.jar,rs2-2005.toml
357,357.2006-02-07.jar,rs2-2005.toml
358,358.2006-02-16.jar,rs2-2005.toml
359,359.2006-02-17.jar,rs2-2005.toml
360,360.2006-02-20.jar,rs2-2005.toml
362,362.2006-02-22.jar,rs2-2005.toml
363,363.2006-02-27.jar,rs2-2005.toml
364,364.2006-03-07.jar,rs2-2005.toml
365,365.2006-03-14.jar,rs2-2005.toml
366,366.2006-03-21.jar,rs2-2005.toml
367,367.2006-03-21.jar,rs2-2005.toml
368,368.2006-03-28.jar,rs2-2005.toml
369,369.2006-04-03.jar,rs2-2005.toml
371,371.2006-04-10.jar,rs2-2005.toml
372,372.2006-04-12.jar,rs2-2005.toml
373,373.2006-04-18.jar,rs2-2005.toml
374,374.2006-04-20.jar,rs2-2005.toml
375,375.2006-04-24.jar,rs2-2005.toml
376,376.2006-04-25.jar,rs2-2005.toml
377,377.2006-05-02.jar,rs2-2005.toml,rs2-377.txt
402,402.2006-05-15.jar,rs2-2006.toml
403,403.2006-05-16.jar,rs2-2006.toml
410,410.2006-05-25.jar,rs2-2006.toml
414,414.2006-06-12.jar,rs2-2006.toml
417,417.2006-06-27.jar,rs2-2006.toml
418,418.2006-07-03.jar,rs2-2006.toml
419,419.2006-07-11.jar,rs2-2006.toml
423,423.2006-08-07.jar,rs2-2006.toml
427,427.2006-08-31.jar,rs2-2006.toml
433,433.2006-10-17.jar,rs2-2006.toml
435,435.2006-10-26.jar,rs2-2006.toml
439,439.2006-11-10.jar,rs2-2006.toml
440,440.2006-11-17.jar,rs2-2006.toml
441,441.2006-11-24.jar,rs2-2006.toml
443,443.2006-12-11.jar,rs2-2006.toml
445,445.2007-01-10.jar,rs2-2007.toml
448,448.2007-02-07.jar,rs2-2007.toml
449,449.2007-02-16.jar,rs2-2007.toml
451,451.2007-03-05.jar,rs2-2007.toml
452,452.2007-03-12.jar,rs2-2007.toml
453,453.2007-03-19.jar,rs2-2007.toml
453,453.2007-03-20.jar,rs2-2007.toml
454,454.2007-03-26.jar,rs2-2007.toml
455,455.2007-03-29.jar,rs2-2007.toml
456,456.2007-04-20.jar,rs2-2007.toml
457,457.2007-05-04.jar,rs2-2007.toml
458,458.2007-05-09.jar,rs2-2007.toml
459,459.2007-06-04.jar,rs2-2007.toml
460,460.2007-06-25.jar,rs2-2007.toml
461,461.2007-06-27.jar,rs2-2007.toml
462,462.2007-07-02.jar,rs2-2007.toml
462,462.2007-07-04.jar,rs2-2007.toml
463,463.2007-07-05.jar,rs2-2007.toml
464,464.2007-07-12.jar,rs2-2007.toml
465,465.2007-07-19.jar,rs2-2007.toml
466,466.2007-08-02.jar,rs2-2007.toml
467,467.2007-08-06.jar,rs2-2007.toml
468,468.2007-08-08.jar,rs2-2007.toml
469,469.2007-08-09.jar,rs2-2007.toml
470,470.2007-08-17.jar,rs2-2007.toml
471,471.2007-09-14.jar,rs2-2007.toml
472,472.2007-09-21.jar,rs2-2007.toml
473,473.2007-10-12.jar,rs2-2007.toml
474,474.2007-10-19.jar,rs2-2007.toml
475,475.2007-11-08.jar,rs2-2007.toml
476,476.2007-11-12.jar,rs2-2007.toml
477,477.2007-11-19.jar,rs2-2007.toml
478,478.2007-11-22.jar,rs2-2007.toml
479,479.2007-11-27.jar,rs2-2007.toml
480,480.2007-12-03.jar,rs2-2007.toml
481,481.2007-12-11.jar,rs2-2007.toml
483,483.2008-01-15.jar,rs2-2008.toml
484,484.2008-01-15.jar,rs2-2008.toml
485,485.2008-02-04.jar,rs2-2008.toml
487,487.2008-02-12.jar,rs2-2008.toml
488,488.2008-02-22.jar,rs2-2008.toml
489,489.2008-02-29.jar,rs2-2008.toml
490,490.2008-03-14.jar,rs2-2008.toml
492,492.2008-04-09.jar,rs2-2008.toml
493,493.2008-04-10.jar,rs2-2008.toml
494,494.2008-04-15.jar,rs2-2008.toml
496,496.2008-04-18.jar,rs2-2008.toml
497,497.2008-05-02.jar,rs2-2008.toml
498,498.2008-05-09.jar,rs2-2008.toml
499,499.2008-06-03.jar,rs2-2008.toml
500,500.2008-06-05.jar,rs2-2008.toml
501,501.2008-07-01.jar,rs2-2008.toml
502,502.2008-07-01.jar,rs2-2008.toml
503,503.2008-07-02.jar,rs2-2009.toml
503_gl,503_gl.2008-07-02.jar,rs2-2009.toml
504,504.2008-07-11.jar,rs2-2009.toml
505,505.2008-07-17.jar,rs2-2009.toml
506,506.2008-07-28.jar,rs2-2009.toml
507,507.2008-08-01.jar,rs2-2009.toml
508,508.2008-08-05.jar,rs2-2009.toml
509,509.2008-08-29.jar,rs2-2009.toml
509_gl,509_gl.2008-08-29.jar,rs2-2009.toml
510,510.2008-09-17.jar,rs2-2009.toml
510_gl,510_gl.2008-09-17.jar,rs2-2009.toml
511,511.2008-09-26.jar,rs2-2009.toml
511_gl,511_gl.2008-09-26.jar,rs2-2009.toml
512,512.2008-09-30.jar,rs2-2009.toml
512_gl,512_gl.2008-09-30.jar,rs2-2009.toml
513,513.2008-10-07.jar,rs2-2009.toml
513_gl,513_gl.2008-10-07.jar,rs2-2009.toml
514,514.2008-10-14.jar,rs2-2009.toml
514_gl,514_gl.2008-10-14.jar,rs2-2009.toml
515,515.2008-10-16.jar,rs2-2009.toml
515_gl,515_gl.2008-10-16.jar,rs2-2009.toml
516,516.2008-10-17.jar,rs2-2009.toml
516_gl,516_gl.2008-10-17.jar,rs2-2009.toml
517,517.2008-10-20.jar,rs2-2009.toml
517_gl,517_gl.2008-10-20.jar,rs2-2009.toml
518,518.2008-10-21.jar,rs2-2009.toml
518_gl,518_gl.2008-10-21.jar,rs2-2009.toml
519,519.2008-10-21.jar,rs2-2009.toml
519_gl,519_gl.2008-10-21.jar,rs2-2009.toml
520,520.2008-10-27.jar,rs2-2009.toml
520_gl,520_gl.2008-10-27.jar,rs2-2009.toml
521,521.2008-11-07.jar,rs2-2009.toml
521_gl,521_gl.2008-11-07.jar,rs2-2009.toml
522,522.2008-11-20.jar,rs2-2009.toml
522_gl,522_gl.2008-11-20.jar,rs2-2009.toml
523,523.2008-11-26.jar,rs2-2009.toml
523_gl,523_gl.2008-11-26.jar,rs2-2009.toml
524,524.2008-12-04.jar,rs2-2009.toml
524_gl,524_gl.2008-12-04.jar,rs2-2009.toml
525,525.2008-12-15.jar,rs2-2009.toml
525_gl,525_gl.2008-12-15.jar,rs2-2009.toml
526,526.2009-01-09.jar,rs2-2009.toml
526_gl,526_gl.2009-01-09.jar,rs2-2009.toml
527,527.2009-01-13.jar,rs2-2009.toml
527_gl,527_gl.2009-01-13.jar,rs2-2009.toml
528,528.2009-01-15.jar,rs2-2009.toml
528_gl,528_gl.2009-01-15.jar,rs2-2009.toml
529,529.2009-01-22.jar,rs2-2009.toml
529_gl,529_gl.2009-01-22.jar,rs2-2009.toml
530,530.2009-01-28.jar,rs2-2009.toml
530_gl,530_gl.2009-01-28.jar,rs2-2009.toml
531,531.2009-02-09.jar,rs2-2009.toml
531_gl,531_gl.2009-02-09.jar,rs2-2009.toml
532,532.2009-02-20.jar,rs2-2009.toml
532_gl,532_gl.2009-02-20.jar,rs2-2009.toml
533,533.2009-02-26.jar,rs2-2009.toml
533_gl,533_gl.2009-02-26.jar,rs2-2009.toml
534,534.2009-02-27.jar,rs2-2009.toml
534_gl,534_gl.2009-02-27.jar,rs2-2009.toml
535,535.2009-03-16.jar,rs2-2009.toml
536,536.2009-03-17.jar,rs2-2009.toml
536_gl,536_gl.2009-03-17.jar,rs2-2009.toml
537,537.2009-03-18.jar,rs2-2009.toml
537_gl,537_gl.2009-03-18.jar,rs2-2009.toml
538,538.2009-03-19.jar,rs2-2009.toml
538_gl,538_gl.2009-03-19.jar,rs2-2009.toml
539,539.2009-03-21.jar,rs2-2009.toml
539_gl,539_gl.2009-03-21.jar,rs2-2009.toml
540,540.2009-03-24.jar,rs2-2009.toml
540_gl,540_gl.2009-03-24.jar,rs2-2009.toml
541,541.2009-03-30.jar,rs2-2009.toml
541_gl,541_gl.2009-03-30.jar,rs2-2009.toml
542,542.2009-04-02.jar,rs2-2009.toml
542_gl,542_gl.2009-04-02.jar,rs2-2009.toml
543,543.2009-04-03.jar,rs2-2009.toml
543_gl,543_gl.2009-04-03.jar,rs2-2009.toml
544,544.2009-05-01.jar,rs2-2009.toml
544_gl,544_gl.2009-05-01.jar,rs2-2009.toml
545,545.2009-05-11.jar,rs2-2009.toml
545_gl,545_gl.2009-05-11.jar,rs2-2009.toml
546,546.2009-05-15.jar,rs2-2009.toml
546_gl,546_gl.2009-05-15.jar,rs2-2009.toml
548,548.2009-05-27.jar,rs2-2009.toml
548_gl,548_gl.2009-05-27.jar,rs2-2009.toml
549,549.2009-06-05.jar,rs2-2009.toml
549_gl,549_gl.2009-06-05.jar,rs2-2009.toml
550,550.2009-06-12.jar,rs2-2009.toml
550_gl,550_gl.2009-06-12.jar,rs2-2009.toml
551,551.2009-07-07.jar,rs2-2009.toml
551_gl,551_gl.2009-07-07.jar,rs2-2009.toml
552,552.2009-07-10.jar,rs2-2009.toml
552_gl,552_gl.2009-07-10.jar,rs2-2009.toml
553,553.2009-07-17.jar,rs2-2009.toml
553_gl,553_gl.2009-07-17.jar,rs2-2009.toml
554,554.2009-07-23.jar,rs2-2009.toml
554_gl,554_gl.2009-07-23.jar,rs2-2009.toml
555,555.2009-09-02.jar,rs2-2009.toml
555_gl,555_gl.2009-09-02.jar,rs2-2009.toml
556,556.2009-09-02.jar,rs2-2009.toml
556_gl,556_gl.2009-09-02.jar,rs2-2009.toml
558,558.2009-09-03.jar,rs2-2009.toml
558_gl,558_gl.2009-09-03.jar,rs2-2009.toml
559,559.2009-09-03.jar,rs2-2009.toml
559_gl,559_gl.2009-09-03.jar,rs2-2009.toml
560,560.2009-09-04.jar,rs2-2009.toml
560_gl,560_gl.2009-09-04.jar,rs2-2009.toml
561,561.2009-09-08.jar,rs2-2009.toml
561_gl,561_gl.2009-09-08.jar,rs2-2009.toml
562,562.2009-09-10.jar,rs2-2009.toml
562_gl,562_gl.2009-09-10.jar,rs2-2009.toml
563,563.2009-09-15.jar,rs2-2009.toml
563_gl,563_gl.2009-09-15.jar,rs2-2009.toml
564,564.2009-09-22.jar,rs2-2009.toml
564_gl,564_gl.2009-09-22.jar,rs2-2009.toml
565,565.2009-10-05.jar,rs2-2009.toml
565_gl,565_gl.2009-10-05.jar,rs2-2009.toml
566,566.2009-10-07.jar,rs2-2009.toml
566_gl,566_gl.2009-10-07.jar,rs2-2009.toml
567,567.2009-10-12.jar,rs2-2009.toml
567_gl,567_gl.2009-10-12.jar,rs2-2009.toml
568,568.2009-10-15.jar,rs2-2009.toml
568_gl,568_gl.2009-10-15.jar,rs2-2009.toml
569,569.2009-10-22.jar,rs2-2009.toml
569_gl,569_gl.2009-10-22.jar,rs2-2009.toml
570,570.2009-11-09.jar,rs2-2009.toml
571,571.2009-11-10.jar,rs2-2009.toml
571_gl,571_gl.2009-11-10.jar,rs2-2009.toml
572,572.2009-11-17.jar,rs2-2009.toml
572_gl,572_gl.2009-11-17.jar,rs2-2009.toml
573,573.2009-11-17.jar,rs2-2009.toml
573_gl,573_gl.2009-11-17.jar,rs2-2009.toml
574,574.2009-11-18.jar,rs2-2009.toml
574_gl,574_gl.2009-11-18.jar,rs2-2009.toml
575,575.2009-11-27.jar,rs2-2009.toml
575_gl,575_gl.2009-11-27.jar,rs2-2009.toml
577,577.2009-12-14.jar,rs2-2009.toml
578,578.2009-12-16.jar,rs2-2009.toml
578_gl,578_gl.2009-12-16.jar,rs2-2009.toml
581,581.2010-01-29.jar,rs2-2010.toml
581_gl,581_gl.2010-01-29.jar,rs2-2010.toml
582,582.2010-02-01.jar,rs2-2010.toml
582_gl,582_gl.2010-02-01.jar,rs2-2010.toml
583,583.2010-02-08.jar,rs2-2010.toml
583_gl,583_gl.2010-02-08.jar,rs2-2010.toml
585,585.2010-02-08.jar,rs2-2010.toml
585_gl,585_gl.2010-02-08.jar,rs2-2010.toml
586,586.2010-02-08.jar,rs2-2010.toml
586_gl,586_gl.2010-02-08.jar,rs2-2010.toml
587,587.2010-02-09.jar,rs2-2010.toml
587_gl,587_gl.2010-02-09.jar,rs2-2010.toml
588,588.2010-02-10.jar,rs2-2010.toml
588_gl,588_gl.2010-02-10.jar,rs2-2010.toml
589,589.2010-02-10.jar,rs2-2010.toml
589_gl,589_gl.2010-02-10.jar,rs2-2010.toml
590,590.2010-02-11.jar,rs2-2010.toml
590_gl,590_gl.2010-02-11.jar,rs2-2010.toml
591,591.2010-02-16.jar,rs2-2010.toml
591_gl,591_gl.2010-02-16.jar,rs2-2010.toml
592,592.2010-02-19.jar,rs2-2010.toml
592_gl,592_gl.2010-02-19.jar,rs2-2010.toml
593,593.2010-03-02.jar,rs2-2010.toml
593_gl,593_gl.2010-03-02.jar,rs2-2010.toml
594,594.2010-03-04.jar,rs2-2010.toml
594_gl,594_gl.2010-03-04.jar,rs2-2010.toml
595,595.2010-03-12.jar,rs2-2010.toml
595_gl,595_gl.2010-03-12.jar,rs2-2010.toml
596,596.2010-03-22.jar,rs2-2010.toml
596_gl,596_gl.2010-03-22.jar,rs2-2010.toml
597,597.2010-03-26.jar,rs2-2010.toml
597_gl,597_gl.2010-03-26.jar,rs2-2010.toml
598,598.2010-04-08.jar,rs2-2010.toml
598_gl,598_gl.2010-04-08.jar,rs2-2010.toml
599,599.2010-04-13.jar,rs2-2010.toml
599_gl,599_gl.2010-04-13.jar,rs2-2010.toml
600,600.2010-04-14.jar,rs2-2010.toml
601,601.2010-04-14.jar,rs2-2010.toml
601_gl,601_gl.2010-04-14.jar,rs2-2010.toml
602,602.2010-04-15.jar,rs2-2010.toml
602_gl,602_gl.2010-04-15.jar,rs2-2010.toml
603,603.2010-04-20.jar,rs2-2010.toml
603_gl,603_gl.2010-04-20.jar,rs2-2010.toml
604,604.2010-04-27.jar,rs2-2010.toml
604_gl,604_gl.2010-04-27.jar,rs2-2010.toml
605,605.2010-05-12.jar,rs2-2010.toml
605_gl,605_gl.2010-05-12.jar,rs2-2010.toml
606,606.2010-05-13.jar,rs2-2010.toml
606_gl,606_gl.2010-05-13.jar,rs2-2010.toml
607,607.2010-05-14.jar,rs2-2010.toml
607_gl,607_gl.2010-05-14.jar,rs2-2010.toml
608,608.2010-05-18.jar,rs2-2010.toml
608_gl,608_gl.2010-05-18.jar,rs2-2010.toml
609,609.2010-05-18.jar,rs2-2010.toml
609_gl,609_gl.2010-05-18.jar,rs2-2010.toml
610,610.2010-05-20.jar,rs2-2010.toml
610_gl,610_gl.2010-05-20.jar,rs2-2010.toml
611,611.2010-06-08.jar,rs2-2010.toml
611_gl,611_gl.2010-06-08.jar,rs2-2010.toml
612,612.2010-06-23.jar,rs2-2010.toml
612_gl,612_gl.2010-06-23.jar,rs2-2010.toml
613,613.2010-07-02.jar,rs2-2010.toml
613_gl,613_gl.2010-07-02.jar,rs2-2010.toml
614,614.2010-07-13.jar,rs2-2010.toml
614_gl,614_gl.2010-07-13.jar,rs2-2010.toml
615,615.2010-08-25.jar,rs2-2010.toml
615_gl,615_gl.2010-08-25.jar,rs2-2010.toml
616,616.2010-08-25.jar,rs2-2010.toml
616_gl,616_gl.2010-08-25.jar,rs2-2010.toml
617,617.2010-09-06.jar,rs2-2010.toml
617_gl,617_gl.2010-09-06.jar,rs2-2010.toml
618,618.2010-09-14.jar,rs2-2010.toml
618_gl,618_gl.2010-09-14.jar,rs2-2010.toml
619,619.2010-09-15.jar,rs2-2010.toml
619_gl,619_gl.2010-09-15.jar,rs2-2010.toml
620,620.2010-09-20.jar,rs2-2010.toml
621,621.2010-09-21.jar,rs2-2010.toml
621_gl,621_gl.2010-09-21.jar,rs2-2010.toml
622,622.2010-10-04.jar,rs2-2010.toml
622_gl,622_gl.2010-10-04.jar,rs2-2010.toml
623,623.2010-10-11.jar,rs2-2010.toml
623_gl,623_gl.2010-10-11.jar,rs2-2010.toml
624,624.2010-10-18.jar,rs2-2010.toml
624_gl,624_gl.2010-10-18.jar,rs2-2010.toml
625,625.2010-10-18.jar,rs2-2010.toml
625_gl,625_gl.2010-10-18.jar,rs2-2010.toml
626,626.2010-10-27.jar,rs2-2010.toml
626_gl,626_gl.2010-10-27.jar,rs2-2010.toml
627,627.2010-10-29.jar,rs2-2010.toml
627_gl,627_gl.2010-10-29.jar,rs2-2010.toml
629,629.2010-11-23.jar,rs2-2010.toml
629_gl,629_gl.2010-11-23.jar,rs2-2010.toml
630,630.2010-11-25.jar,rs2-2010.toml
630_gl,630_gl.2010-11-25.jar,rs2-2010.toml
631,631.2010-11-26.jar,rs2-2010.toml
631_gl,631_gl.2010-11-26.jar,rs2-2010.toml
632,632.2010-11-30.jar,rs2-2010.toml
632_gl,632_gl.2010-11-30.jar,rs2-2010.toml
633,633.2010-12-03.jar,rs2-2010.toml
633_gl,633_gl.2010-12-03.jar,rs2-2010.toml
634,634.2010-12-10.jar,rs2-2010.toml
634_gl,634_gl.2010-12-10.jar,rs2-2010.toml
635,635.2011-01-25.jar,rs2-2011.toml
635_gl,635_gl.2011-01-25.jar,rs2-2011.toml
636,636.2011-02-01.jar,rs2-2011.toml
636_gl,636_gl.2011-02-01.jar,rs2-2011.toml
637,637.2011-02-07.jar,rs2-2011.toml
637_gl,637_gl.2011-02-07.jar,rs2-2011.toml
638,638.2011-02-17.jar,rs2-2011.toml
638_gl,638_gl.2011-02-17.jar,rs2-2011.toml
639,639.2011-02-21.jar,rs2-2011.toml
639_gl,639_gl.2011-02-21.jar,rs2-2011.toml
640,640.2011-03-01.jar,rs2-2011.toml
640_gl,640_gl.2011-03-01.jar,rs2-2011.toml
641,641.2011-03-25.jar,rs2-2011.toml
641_gl,641_gl.2011-03-25.jar,rs2-2011.toml
642,642.2011-04-01.jar,rs2-2011.toml
642_gl,642_gl.2011-04-01.jar,rs2-2011.toml
643,643.2011-04-11.jar,rs2-2011.toml
643_gl,643_gl.2011-04-11.jar,rs2-2011.toml
644,644.2011-04-18.jar,rs2-2011.toml
644_gl,644_gl.2011-04-18.jar,rs2-2011.toml
645,645.2011-04-20.jar,rs2-2011.toml
645_gl,645_gl.2011-04-20.jar,rs2-2011.toml
646,646.2011-04-28.jar,rs2-2011.toml
646_gl,646_gl.2011-04-28.jar,rs2-2011.toml
647,647.2011-05-12.jar,rs2-2011.toml
647_gl,647_gl.2011-05-12.jar,rs2-2011.toml
648,648.2011-05-24.jar,rs2-2011.toml
648_gl,648_gl.2011-05-24.jar,rs2-2011.toml
649,649.2011-05-26.jar,rs2-2011.toml
649_gl,649_gl.2011-05-26.jar,rs2-2011.toml
650,650.2011-05-27.jar,rs2-2011.toml
650_gl,650_gl.2011-05-27.jar,rs2-2011.toml
651,651.2011-06-03.jar,rs2-2011.toml
651_gl,651_gl.2011-06-03.jar,rs2-2011.toml
652,652.2011-06-08.jar,rs2-2011.toml
652_gl,652_gl.2011-06-08.jar,rs2-2011.toml
653,653.2011-06-10.jar,rs2-2011.toml
653_gl,653_gl.2011-06-10.jar,rs2-2011.toml
654,654.2011-06-17.jar,rs2-2011.toml
654_gl,654_gl.2011-06-17.jar,rs2-2011.toml
655,655.2011-06-24.jar,rs2-2011.toml
655_gl,655_gl.2011-06-24.jar,rs2-2011.toml
656,656.2011-07-01.jar,rs2-2011.toml
656_gl,656_gl.2011-07-01.jar,rs2-2011.toml
657,657.2011-07-08.jar,rs2-2011.toml
657_gl,657_gl.2011-07-08.jar,rs2-2011.toml
658,658.2011-07-22.jar,rs2-2011.toml
658_gl,658_gl.2011-07-22.jar,rs2-2011.toml
659,659.2011-07-25.jar,rs2-2011.toml
659_gl,659_gl.2011-07-25.jar,rs2-2011.toml
660,660.2011-07-28.jar,rs2-2011.toml
660_gl,660_gl.2011-07-28.jar,rs2-2011.toml
661,661.2011-08-08.jar,rs2-2011.toml
661_gl,661_gl.2011-08-08.jar,rs2-2011.toml
662,662.2011-08-11.jar,rs2-2011.toml
662_gl,662_gl.2011-08-11.jar,rs2-2011.toml
663,663.2011-08-26.jar,rs2-2011.toml
663_gl,663_gl.2011-08-26.jar,rs2-2011.toml
664,664.2011-09-13.jar,rs2-2011.toml
664_gl,664_gl.2011-09-13.jar,rs2-2011.toml
665,665.2011-09-14.jar,rs2-2011.toml
665_gl,665_gl.2011-09-14.jar,rs2-2011.toml
666,666.2011-09-15.jar,rs2-2011.toml
666_gl,666_gl.2011-09-15.jar,rs2-2011.toml
667,667.2011-09-29.jar,rs2-2011.toml
667_gl,667_gl.2011-09-29.jar,rs2-2011.toml
mapview.2004-08-10,mapview-2004-08-10-14-20-26-openrs2#31836.jar,mapview-2004.toml,mapview-2004-08-10.txt
mapview.2004-09-22,mapview-2004-09-22-10-47-40-openrs2#31840.jar,mapview-2004.toml,mapview-2004-09-22.txt
mapview.2004-11-17,mapview-2004-11-17-09-50-00-openrs2#31839.jar,mapview-2004.toml,mapview-2004-09-22.txt
mapview.2005-02-04,mapview-2005-02-04-12-00-56-openrs2#31844.jar,mapview-2005.toml,mapview-2004-09-22.txt
mapview.2005-04-26,mapview.2005-04-26.14-31-14.jar,mapview-2005.toml
mapview.2005-07-08,mapview-2005-07-08-17-13-04-openrs2#31838.jar,mapview-2005.toml,mapview-2004-09-22.txt
mapview.2006-01-05,mapview-2006-01-05-13-33-38-openrs2#31795.jar,mapview-2005.toml,mapview-2004-09-22.txt
mapview.2006-03-21,mapview-2006-03-21-17-43-08-openrs2#31794.jar,mapview-2005.toml,mapview-2004-09-22.txt
mapview.2006-07-04,mapview-2006-07-04-15-25-18-openrs2#31780.jar,mapview-2006.toml,mapview-2006-07-04.txt
mapview.2006-07-04.2,mapview-2006-07-04-16-02-40-openrs2#31778.jar,mapview-2006.toml
mapview.2006-07-27,mapview-2006-07-27-14-11-24-openrs2#31777.jar,mapview-2006.toml
mapview.2006-07-28,mapview-2006-07-28-14-20-02-openrs2#31798.jar,mapview-2006.toml
mapview.2006-08-21,mapview.2006-08-21.14-55-06.jar,mapview-2006.toml
mapview.2006-08-22,mapview.2006-08-22.18-57-28.jar,mapview-2006.toml
mapview.2006-09-01,mapview-2006-09-01-15-18-50-openrs2#32065.jar,mapview-2006.toml
mapview.2006-09-26,mapview-2006-09-26-18-01-08-openrs2#31887.jar,mapview-2006.toml
mapview.2006-11-03,mapview-2006-11-03-14-47-14-openrs2#31900.jar,mapview-2006.toml
mapview.2006-11-16,mapview-2006-11-16-16-49-34-openrs2#31779.jar,mapview-2006.toml
mapview.2007-01-09,mapview-2007-01-09-10-48-16-openrs2#31888.jar,mapview-2007.toml
mapview.2007-01-26,mapview-2007-01-26-11-53-04-openrs2#31896.jar,mapview-2007.toml
mapview.2007-02-15,mapview-2007-02-15-13-52-32-openrs2#31796.jar,mapview-2007.toml
mapview.2007-03-06,mapview.2007-03-06.18-37-24.jar,mapview-2007.toml
mapview.2007-03-22,mapview.2007-03-22.21-44-34.jar,mapview-2007.toml
mapview.2007-03-29,mapview-2007-03-29-17-09-14-openrs2#31797.jar,mapview-2007.toml
mapview.2007-07-02,mapview-2007-07-02-09-07-34-openrs2#31893.jar,mapview-2007.toml,mapview-2007-07-02.txt
mapview.2007-07-23,mapview.2007-07-23.14-49-20.jar,mapview-2007.toml
mapview.2007-08-28,mapview.2007-08-28.18-20-34.jar,mapview-2007.toml
mapview.2007-09-10,mapview-2007-09-10-11-33-24-openrs2#31901.jar,mapview-2007.toml
mapview.2007-10-09,mapview-2007-10-09-15-37-24-openrs2#31889.jar,mapview-2007.toml
mapview.2007-11-01,mapview-2007-11-01-15-45-32-openrs2#31894.jar,mapview-2007.toml
mapview.2007-11-19,mapview-2007-11-19-16-42-28-openrs2#31899.jar,mapview-2007.toml
mapview.2007-11-26,mapview-2007-11-26-10-45-26-openrs2#31890.jar,mapview-2007.toml
mapview.2007-12-17,mapview-2007-12-17-09-35-42-openrs2#31892.jar,mapview-2007.toml
mapview.2008-01-02,mapview-2008-01-02-09-14-02-openrs2#31895.jar,mapview-2008.toml
mapview.2008-01-28,mapview-2008-01-28-15-26-06-openrs2#31897.jar,mapview-2008.toml
mapview.2008-02-11,mapview-2008-02-11-10-37-06-openrs2#31898.jar,mapview-2008.toml
mapview.2008-04-08,mapview.2008-04-08.15-11-52.jar,mapview-2008.toml
mapview.2008-05-02,mapview-2008-05-02-15-55-24-openrs2#31891.jar,mapview-2008.toml,mapview-2008-05-02.txt
